{
    "Finsterball": [
        [
            128.87900985097244,
            182.65210069882963,
            125.50820914372315
        ],
        [
            23.035326086956527,
            24.026086956521738,
            23.373007246376815
        ],
        [
            100.72690763052209,
            104.78974722419086,
            103.5049610205528
        ],
        [
            228.38164705882355,
            231.3882352941176,
            228.83811764705885
        ],
        [
            65.51757188498402,
            126.19222577209801,
            61.01251331203411
        ]
    ],
    "Flottball": [
        [
            238.79699911738757,
            234.51974845542807,
            76.6033759929391
        ],
        [
            81.52271341463417,
            159.35396341463417,
            224.6679878048781
        ],
        [
            21.446510110893673,
            21.83202870189172,
            23.436399217221133
        ],
        [
            174.82649253731344,
            176.60447761194033,
            75.93097014925374
        ],
        [
            227.29425837320574,
            239.64992025518336,
            243.1164274322169
        ]
    ],
    "Freundesball": [
        [
            76.61578387010915,
            177.33524088368384,
            101.8692440777216
        ],
        [
            47.91844718627745,
            65.30394222088471,
            48.24465844116761
        ],
        [
            227.6723625557207,
            232.81872213967304,
            215.61961367013376
        ],
        [
            208.42928176795584,
            100.89060773480664,
            48.339779005524875
        ],
        [
            13.462039752362339,
            11.845226458129684,
            15.102965135223199
        ]
    ],
    "Heilball": [
        [
            250.77517081345883,
            241.66262730437023,
            184.70181771303336
        ],
        [
            165.63939051918734,
            122.93397291196389,
            144.25959367945816
        ],
        [
            237.38626198083065,
            187.25101171459,
            212.833120340788
        ],
        [
            18.531526222746017,
            18.756040070713016,
            18.056570418385377
        ],
        [
            252.5077868852458,
            243.5266393442623,
            246.20368852459018
        ]
    ],
    "Hyperball": [
        [
            80.5713520271477,
            80.23093409537417,
            79.44900875156277
        ],
        [
            245.83349737532805,
            208.39960629921262,
            64.63959973753279
        ],
        [
            220.2342427093133,
            219.99811853245535,
            220.08466603951086
        ],
        [
            30.78633932912008,
            29.087992221682068,
            31.67282450170151
        ],
        [
            157.7686567164179,
            139.70895522388054,
            69.23694029850746
        ]
    ],
    "Jubelball": [
        [
            228.71361502347418,
            79.57255409853758,
            59.13528681668555
        ],
        [
            36.916190476190465,
            36.08685714285714,
            36.57485714285715
        ],
        [
            249.91188405797098,
            221.56637681159424,
            217.68637681159424
        ],
        [
            164.56099903938517,
            47.28722382324685,
            36.7281460134486
        ],
        [
            2.9451728247914173,
            2.3814064362336103,
            2.5530393325387353
        ]
    ],
    "Koederball": [
        [
            77.2909090909091,
            187.36270396270396,
            201.5515151515152
        ],
        [
            151.82266526757607,
            79.92549842602305,
            56.56348373557188
        ],
        [
            25.10157790927022,
            24.89283366206443,
            25.910585141354378
        ],
        [
            240.85225254319394,
            136.18537057968672,
            123.97868561278864
        ],
        [
            6.503245132301548,
            144.52720918622066,
            164.0654018971543
        ]
    ],
    "Levelball": [
        [
            20.436809137803973,
            20.517870302137077,
            21.100957995578483
        ],
        [
            251.28142616589795,
            215.7009297898821,
            79.86485101398344
        ],
        [
            79.9916536835077,
            79.39350100155798,
            78.12163365234807
        ],
        [
            222.83989926245727,
            101.32613779456737,
            80.58499730167297
        ],
        [
            247.5253623188406,
            230.39945652173915,
            221.5475543478261
        ]
    ],
    "Luxusball": [
        [
            225.9252361673415,
            182.3697705802969,
            104.64210526315789
        ],
        [
            32.08385129588366,
            30.80626246041984,
            31.93913451389703
        ],
        [
            249.7368961973278,
            248.62384378211718,
            218.51695786228152
        ],
        [
            216.0043973941367,
            109.34625407166122,
            85.82980456026057
        ],
        [
            81.42989672676353,
            80.6891300542622,
            80.4603535795554
        ]
    ],
    "Meisterball": [
        [
            242.94938043764822,
            235.8629053519642,
            240.85763248088585
        ],
        [
            104.44075829383885,
            59.6129541864139,
            96.25829383886258
        ],
        [
            20.362658636265863,
            22.47365024736503,
            20.509571950957195
        ],
        [
            206.9552599758163,
            87.96698911729142,
            154.41354292623942
        ],
        [
            119.50127226463107,
            98.29898218829521,
            161.45998149433262
        ]
    ],
    "Mondball": [
        [
            103.39279858332789,
            99.6927264379878,
            97.32321112349969
        ],
        [
            248.12264752791071,
            221.00542264752778,
            38.383094098883554
        ],
        [
            19.60463258785942,
            19.54512779552716,
            21.38538338658147
        ],
        [
            37.598255813953486,
            187.95717054263562,
            201.11472868217055
        ],
        [
            222.38300901756048,
            243.7427622211675,
            235.81347887992408
        ]
    ],
    "Nestball": [
        [
            244.37120622568096,
            237.70894941634242,
            227.47782101167317
        ],
        [
            206.51743151903236,
            169.391853432942,
            117.24688722874421
        ],
        [
            20.984549638395787,
            20.898750821827747,
            20.665023011176853
        ],
        [
            124.30035147513047,
            158.9076578975397,
            112.92171690275855
        ],
        [
            126.26882661996497,
            110.02451838879156,
            77.83625218914186
        ]
    ],
    "Netzball": [
        [
            67.80236559139784,
            171.40989247311828,
            172.33784946236557
        ],
        [
            44.57622064852777,
            43.55646664181885,
            44.230339172568016
        ],
        [
            218.4271978021978,
            239.01098901098908,
            239.04395604395611
        ],
        [
            76.09526895657811,
            84.3755670771225,
            84.86876215165262
        ],
        [
            10.870289219982467,
            7.936897458369848,
            7.905346187554775
        ]
    ],